ano_mes,total_despesa,total_receita,saldo
2026-02,5100.4,23700.0,18599.6
2026-03,7540.3099999999995,4600.0,-2940.3099999999995
