categoria,desconto_alocado,delta_receita_subsequente,payback
projetos,6523.26084701012,14200.0,2.1768254149316206
assinaturas,1997.8237179116074,4900.0,2.452668849643118
servicos,1541.5202861095945,3900.0,2.529969949239273
vendas,532.3951489686783,-2100.0,-3.9444386449951416
