centro_custo,total_receita,total_despesa,peso_receita,despesa_alocada_suporte,despesa_total_alocada,margem_liquida,margem_percentual
consultoria,312700.0,0.0,0.6371879775853285,45914.84174223128,45914.84174223128,266785.1582577687,85.31664798777382
comercial,119600.0,15225.55,0.24370860927152319,17561.28900662252,32786.83900662252,86813.16099337747,72.58625501118517
educacao,33700.0,0.0,0.06867040244523688,4948.289628120224,4948.289628120224,28751.710371879777,85.31664798777382
sucesso_cliente,24750.0,0.0,0.05043301069791136,3634.129623025981,3634.129623025981,21115.87037697402,85.31664798777382
