ano_mes,total_receita_atual,total_receita_ano_anterior,crescimento_total_receita,total_despesa_atual,total_despesa_ano_anterior,crescimento_total_despesa,saldo_atual,saldo_ano_anterior,crescimento_saldo
2027-01,35500.0,21000.0,69.04761904761905,5900.0,8590.75,-31.321479498297588,29600.0,12409.25,138.53174043556217
2027-02,36700.0,14300.0,156.64335664335664,10280.0,8561.05,20.07872866061991,26420.0,5738.950000000001,360.3629583808884
2027-03,32700.0,19500.0,67.6923076923077,5350.0,10200.7,-47.55261893791603,27350.0,9299.3,194.10815867861024
2027-04,33800.0,18700.0,80.74866310160428,5040.0,7536.45,-33.125012439543816,28760.0,11163.55,157.62414285778272
2027-05,39400.0,14000.0,181.42857142857142,11650.0,9798.75,18.892715907641282,27750.0,4201.25,560.5177030645641
2027-06,35900.0,25100.0,43.02788844621514,7160.0,8270.8,-13.43038158340184,28740.0,16829.2,70.77460604187958
